{
    "best": [
        7.0,
        7.0,
        9.0,
        21.0,
        12.0,
        10.0,
        9.0,
        9.0,
        15.0,
        12.0,
        10.0,
        11.0,
        10.0,
        15.0,
        12.0,
        21.0,
        14.0,
        21.0,
        11.0,
        12.0,
        14.0,
        15.0,
        12.0,
        16.0,
        14.0,
        17.0,
        21.0,
        18.0,
        17.0,
        23.0,
        20.0,
        19.0,
        26.0,
        20.0,
        21.0,
        20.0,
        18.0,
        19.0,
        18.0,
        21.0,
        17.0,
        23.0,
        18.0,
        24.0,
        22.0,
        28.0,
        18.0,
        19.0,
        19.0,
        22.0
    ],
    "avg": [
        -1.4621513944223108,
        -0.6986027944111777,
        -0.706,
        -0.532,
        -0.46,
        -0.7054108216432866,
        -0.5642570281124498,
        -0.4457831325301205,
        -0.16633266533066132,
        -0.3727454909819639,
        -0.2891566265060241,
        -0.05189620758483034,
        0.059880239520958084,
        -0.16898608349900596,
        -0.212,
        -0.07984031936127745,
        -0.2,
        -0.12625250501002003,
        -0.09236947791164658,
        0.021956087824351298,
        -0.17165668662674652,
        -0.23353293413173654,
        -0.176,
        -0.206,
        -0.022,
        0.028,
        0.0,
        0.276,
        0.618,
        0.738,
        1.0681362725450902,
        0.726,
        0.596,
        0.256,
        0.404,
        0.844,
        0.3313373253493014,
        0.29,
        0.38,
        0.6387225548902196,
        0.38922155688622756,
        0.82,
        1.0856573705179282,
        0.998003992015968,
        1.0398406374501992,
        1.076,
        1.354,
        1.3366733466933867,
        1.29,
        1.5050100200400802
    ],
    "median": [
        0.0,
        0.0,
        0.0,
        0.0,
        0.0,
        0.0,
        0.0,
        0.0,
        0.0,
        0.0,
        0.0,
        0.0,
        0.0,
        0.0,
        0.0,
        0.0,
        0.0,
        0.0,
        0.0,
        0.0,
        0.0,
        0.0,
        0.0,
        0.0,
        0.0,
        0.0,
        0.0,
        0.0,
        0.0,
        0.0,
        0.0,
        0.0,
        0.0,
        0.0,
        0.0,
        0.0,
        0.0,
        0.0,
        0.0,
        0.0,
        0.0,
        0.0,
        0.0,
        0.0,
        0.0,
        0.0,
        0.0,
        0.0,
        0.0,
        0.0
    ],
    "std": [
        3.028016877125267,
        2.904153891284631,
        3.063260354589531,
        3.0946689645259338,
        3.000066665925941,
        3.396241996820176,
        3.0307804391744946,
        3.2595353306019517,
        3.346159342027747,
        3.4381653012372753,
        3.3945270875571074,
        3.1643759017396564,
        3.0701068504991413,
        3.2370359828214297,
        3.1213868712481103,
        3.6626197192767695,
        3.6320792942885984,
        3.964533672305787,
        3.6149374960618434,
        3.6380003947667747,
        3.9521179861874933,
        3.767620385160871,
        3.3652672999332465,
        3.9109543592325378,
        3.95645245137611,
        4.021842363892446,
        3.8858718455450894,
        4.071833002469517,
        4.136191001392464,
        4.38330423310999,
        4.452304207821484,
        4.590307614964384,
        5.04903792816018,
        4.560533302147897,
        4.657551287962385,
        4.774061583180517,
        4.372614377577112,
        4.424692079681929,
        4.258121651620584,
        4.59488754832007,
        4.434284365840796,
        4.6142821760269515,
        4.711458595567244,
        5.12459491685541,
        4.83166909767465,
        4.868492990649159,
        4.911688508038763,
        4.834213171705403,
        4.836310577289263,
        4.619540589757881
    ]
}