{
    "best": [
        0.0,
        1.0,
        0.0,
        0.0,
        0.0
    ],
    "avg": [
        -0.2,
        -0.08,
        -0.52,
        0.0,
        -0.22
    ],
    "median": [
        0.0,
        0.0,
        0.0,
        0.0,
        0.0
    ],
    "std": [
        0.8,
        0.4833218389437829,
        1.486472334084964,
        0.0,
        0.8072174428244225
    ]
}