{
    "best": [
        1.0,
        3.0,
        4.0,
        4.0,
        5.0,
        5.0,
        5.0,
        5.0,
        5.0,
        5.0,
        5.0,
        5.0,
        5.0,
        5.0,
        5.0,
        5.0,
        5.0,
        5.0,
        5.0,
        5.0,
        5.0,
        5.0,
        5.0,
        5.0,
        5.0,
        5.0,
        5.0,
        5.0,
        5.0,
        5.0,
        5.0,
        5.0,
        5.0,
        5.0,
        5.0,
        5.0,
        5.0,
        5.0,
        5.0,
        5.0,
        5.0,
        7.0,
        7.0,
        7.0,
        7.0,
        7.0,
        7.0,
        7.0,
        7.0,
        7.0,
        7.0
    ],
    "avg": [
        -1.354,
        -0.312,
        -0.568,
        -0.578,
        0.102,
        1.462,
        3.516,
        3.516,
        3.548,
        3.526,
        3.588,
        3.582,
        3.654,
        3.596,
        3.534,
        3.544,
        3.67,
        3.52,
        3.626,
        3.672,
        3.678,
        3.75,
        3.616,
        3.706,
        3.648,
        3.812,
        3.698,
        3.69,
        3.716,
        3.686,
        3.63,
        3.702,
        3.616,
        3.686,
        3.672,
        3.702,
        3.732,
        3.688,
        3.594,
        3.528,
        3.528,
        3.518,
        3.422,
        3.25,
        2.834,
        3.312,
        4.152,
        4.264,
        4.124,
        4.368,
        4.464
    ],
    "median": [
        0.0,
        0.0,
        0.0,
        0.0,
        0.0,
        2.0,
        4.0,
        4.0,
        4.0,
        4.0,
        4.0,
        4.0,
        4.0,
        4.0,
        4.0,
        4.0,
        4.0,
        4.0,
        4.0,
        4.0,
        4.0,
        4.0,
        4.0,
        4.0,
        4.0,
        4.0,
        4.0,
        4.0,
        4.0,
        4.0,
        4.0,
        4.0,
        4.0,
        4.0,
        4.0,
        4.0,
        4.0,
        4.0,
        4.0,
        4.0,
        4.0,
        4.0,
        4.0,
        5.0,
        4.0,
        4.0,
        4.0,
        4.0,
        4.0,
        4.0,
        4.0
    ],
    "std": [
        2.4233621272934016,
        1.4827865658954427,
        2.4854327590985035,
        2.8906601322189367,
        3.0808433910213613,
        2.6261294712942087,
        1.4288960773968131,
        1.47164669673125,
        1.3724780508263146,
        1.5077546219461575,
        1.5512111397227653,
        1.575841362574292,
        1.5627808547585935,
        1.765441587818753,
        1.8057807175845022,
        1.7366818937272308,
        1.6226829634897877,
        1.6191355718407274,
        1.5225386694596625,
        1.4547907065966568,
        1.4416365700133997,
        1.368027777495764,
        1.564782412989103,
        1.496517290244252,
        1.6911818352856087,
        1.3117377786737714,
        1.568054845979566,
        1.402105559506844,
        1.554137703036639,
        1.4613021590348796,
        1.907118244892015,
        1.5764504432426667,
        1.6924963810891887,
        1.5084442316506104,
        1.5800050632830265,
        1.5598705074460506,
        1.5684948198830624,
        1.5305737486315385,
        1.6938606790406345,
        1.6974145044743787,
        1.8114127083577614,
        1.9579775279609315,
        2.346042625358712,
        2.6228800963826004,
        2.807569055250467,
        2.8542347485797306,
        2.307573617460557,
        2.1786013862108873,
        2.5939591361469057,
        2.3495906026369786,
        2.201977293252589
    ]
}