{
    "best": [
        0.0,
        0.0,
        0.0,
        0.0,
        1.0,
        1.0
    ],
    "avg": [
        -1.16,
        -1.44,
        -0.64,
        -0.88,
        -0.24,
        -0.24
    ],
    "median": [
        0.0,
        0.0,
        0.0,
        0.0,
        0.0,
        0.0
    ],
    "std": [
        2.852086955196142,
        4.08,
        1.894835085172322,
        1.36586968631711,
        1.1412274094149684,
        1.1412274094149684
    ]
}