{
    "best": [
        3.0,
        3.0,
        3.0,
        4.0,
        4.0,
        9.0,
        9.0,
        9.0,
        9.0,
        9.0,
        9.0,
        9.0,
        9.0,
        9.0,
        9.0,
        9.0,
        9.0,
        9.0,
        9.0,
        9.0,
        9.0,
        9.0,
        9.0,
        9.0,
        9.0,
        9.0,
        9.0,
        11.0,
        11.0,
        11.0,
        11.0,
        11.0,
        11.0,
        11.0,
        11.0,
        11.0,
        11.0,
        11.0,
        11.0,
        11.0,
        11.0,
        11.0,
        11.0,
        11.0,
        11.0,
        11.0,
        11.0,
        11.0,
        11.0,
        11.0,
        11.0,
        11.0,
        11.0,
        11.0,
        11.0,
        11.0,
        11.0,
        11.0,
        11.0,
        11.0,
        11.0,
        11.0,
        11.0,
        11.0,
        11.0,
        11.0,
        11.0,
        11.0,
        11.0,
        11.0,
        11.0,
        11.0,
        11.0,
        11.0,
        11.0,
        12.0,
        12.0,
        12.0,
        12.0,
        12.0,
        12.0,
        12.0,
        12.0,
        12.0,
        12.0,
        12.0,
        12.0,
        13.0,
        13.0,
        13.0,
        13.0,
        13.0,
        13.0,
        13.0,
        13.0,
        13.0,
        13.0,
        13.0,
        13.0,
        13.0
    ],
    "avg": [
        -0.79,
        -0.41,
        -0.32,
        -0.35,
        -0.33,
        -0.12,
        -0.19333333333333333,
        0.0,
        -0.016666666666666666,
        0.059800664451827246,
        0.12956810631229235,
        0.09966777408637874,
        0.10631229235880399,
        0.2558139534883721,
        0.30564784053156147,
        0.10299003322259136,
        0.37333333333333335,
        0.44666666666666666,
        0.2292358803986711,
        0.49169435215946844,
        0.45666666666666667,
        0.7966666666666666,
        0.55,
        0.48333333333333334,
        0.5348837209302325,
        0.5866666666666667,
        0.5752508361204013,
        0.38127090301003347,
        0.39,
        0.3433333333333333,
        0.23666666666666666,
        0.41,
        0.6923076923076923,
        0.6688963210702341,
        0.5016722408026756,
        0.7792642140468228,
        0.7491638795986622,
        0.81,
        0.89,
        0.8294314381270903,
        0.8394648829431438,
        0.8093645484949833,
        0.6644518272425249,
        0.8066666666666666,
        0.36666666666666664,
        0.5533333333333333,
        0.5980066445182725,
        0.521594684385382,
        0.8172757475083057,
        0.7009966777408638,
        0.6611295681063123,
        0.8733333333333333,
        1.0433333333333332,
        1.308970099667774,
        1.2408026755852843,
        1.1933333333333334,
        1.2466666666666666,
        1.3366666666666667,
        1.0833333333333333,
        1.0266666666666666,
        0.6033333333333334,
        1.0664451827242525,
        1.2093023255813953,
        1.4437086092715232,
        1.3322259136212624,
        1.2733333333333334,
        1.3433333333333333,
        1.1533333333333333,
        1.1733333333333333,
        0.95,
        1.5016722408026757,
        1.12,
        1.0233333333333334,
        1.2233333333333334,
        1.4166666666666667,
        1.564784053156146,
        1.4466666666666668,
        0.9466666666666667,
        1.0903010033444815,
        1.2990033222591362,
        1.2,
        1.52,
        1.2566666666666666,
        1.0764119601328903,
        1.4717607973421927,
        1.5714285714285714,
        0.9,
        1.01,
        1.21,
        1.4551495016611296,
        1.4566666666666668,
        1.2733333333333334,
        1.1033333333333333,
        1.0996677740863787,
        1.2,
        1.5266666666666666,
        1.2866666666666666,
        1.0730897009966778,
        1.0299003322259137,
        1.6566666666666667
    ],
    "median": [
        0.0,
        0.0,
        0.0,
        0.0,
        0.0,
        0.0,
        0.0,
        0.0,
        0.0,
        0.0,
        0.0,
        0.0,
        0.0,
        0.0,
        0.0,
        0.0,
        0.0,
        0.0,
        0.0,
        0.0,
        0.0,
        0.0,
        0.0,
        0.0,
        0.0,
        0.0,
        0.0,
        0.0,
        0.0,
        0.0,
        0.0,
        0.0,
        0.0,
        0.0,
        0.0,
        0.0,
        0.0,
        0.0,
        0.0,
        0.0,
        0.0,
        0.0,
        0.0,
        0.0,
        0.0,
        0.0,
        0.0,
        0.0,
        0.0,
        0.0,
        0.0,
        0.0,
        0.0,
        0.0,
        0.0,
        0.0,
        0.0,
        0.0,
        0.0,
        0.0,
        0.0,
        0.0,
        0.0,
        0.5,
        0.0,
        0.0,
        0.0,
        0.0,
        0.0,
        0.0,
        1.0,
        0.0,
        0.0,
        0.0,
        0.0,
        0.0,
        0.0,
        0.0,
        0.0,
        0.0,
        0.0,
        0.0,
        0.0,
        0.0,
        0.0,
        1.0,
        0.0,
        0.0,
        0.0,
        0.0,
        0.0,
        0.0,
        0.0,
        0.0,
        0.0,
        0.0,
        0.0,
        0.0,
        0.0,
        1.0
    ],