{
    "best": [
        1.0,
        1.0,
        1.0,
        1.0,
        1.0,
        1.0
    ],
    "avg": [
        -0.24,
        -1.84,
        -0.8,
        -1.12,
        -0.16,
        -0.56
    ],
    "median": [
        0.0,
        0.0,
        0.0,
        0.0,
        0.0,
        0.0
    ],
    "std": [
        1.1412274094149684,
        3.0552250326285297,
        2.2271057451320084,
        2.9707911404203426,
        0.88,
        1.1689311356961964
    ]
}