{
    "best": [
        0.0,
        0.0,
        0.0,
        0.0,
        1.0
    ],
    "avg": [
        -0.68,
        -0.38,
        -0.2,
        -0.32,
        -0.18
    ],
    "median": [
        0.0,
        0.0,
        0.0,
        0.0,
        0.0
    ],
    "std": [
        1.5419468213917116,
        1.1981652640600136,
        0.7211102550927975,
        0.8588364221433556,
        0.81706792863262
    ]
}