{
    "best": [
        1.0,
        3.0,
        3.0,
        3.0,
        3.0,
        3.0,
        3.0,
        3.0,
        3.0,
        3.0,
        3.0,
        5.0,
        5.0,
        5.0,
        5.0,
        5.0,
        5.0,
        5.0,
        5.0,
        5.0,
        5.0,
        5.0,
        5.0,
        5.0,
        5.0,
        5.0,
        5.0,
        5.0,
        5.0,
        6.0,
        9.0,
        9.0,
        9.0,
        9.0,
        9.0,
        9.0,
        9.0,
        9.0,
        9.0,
        9.0,
        9.0,
        9.0,
        9.0,
        9.0,
        9.0,
        9.0,
        9.0,
        9.0,
        9.0,
        9.0,
        9.0,
        9.0,
        9.0,
        9.0,
        9.0,
        9.0,
        9.0,
        9.0,
        9.0,
        9.0,
        9.0,
        9.0,
        9.0,
        9.0,
        9.0,
        9.0,
        9.0,
        9.0,
        9.0,
        9.0,
        9.0,
        9.0,
        9.0,
        9.0,
        9.0,
        9.0,
        9.0,
        9.0,
        9.0,
        9.0,
        9.0,
        9.0,
        9.0,
        9.0,
        9.0,
        9.0,
        9.0,
        9.0,
        9.0,
        9.0,
        9.0,
        9.0,
        9.0,
        9.0,
        9.0,
        9.0,
        9.0,
        9.0,
        9.0,
        9.0
    ],
    "avg": [
        -0.5433333333333333,
        -0.2966666666666667,
        -0.24333333333333335,
        -0.25418060200668896,
        -0.4782608695652174,
        -0.2757475083056478,
        -0.3588039867109635,
        -0.36333333333333334,
        -0.25,
        -0.45484949832775917,
        -0.3010033444816054,
        -0.24414715719063546,
        -0.27,
        -0.10666666666666667,
        -0.19333333333333333,
        -0.14715719063545152,
        -0.14715719063545152,
        -0.03666666666666667,
        -0.09698996655518395,
        -0.16943521594684385,
        -0.17275747508305647,
        -0.16943521594684385,
        0.023333333333333334,
        -0.12333333333333334,
        -0.08666666666666667,
        -0.04666666666666667,
        0.07357859531772576,
        -0.12709030100334448,
        -0.08637873754152824,
        -0.023333333333333334,
        0.15946843853820597,
        0.22,
        0.1893687707641196,
        0.27,
        0.411371237458194,
        0.43,
        0.5633333333333334,
        0.3466666666666667,
        0.44666666666666666,
        0.5333333333333333,
        0.5819397993311036,
        0.35,
        0.4280936454849498,
        0.4429530201342282,
        0.4682274247491639,
        0.5250836120401338,
        0.5233333333333333,
        0.5581395348837209,
        0.72,
        0.7966666666666666,
        0.4166666666666667,
        0.3110367892976589,
        0.4180602006688963,
        0.46153846153846156,
        0.4266666666666667,
        0.5266666666666666,
        0.5033112582781457,
        0.37,
        0.5266666666666666,
        0.6220735785953178,
        0.5986622073578596,
        0.5633333333333334,
        0.36,
        0.2866666666666667,
        0.39666666666666667,
        0.47840531561461797,
        0.4019933554817276,
        0.3741721854304636,
        0.5348837209302325,
        0.4950166112956811,
        0.43521594684385384,
        0.38666666666666666,
        0.34219269102990035,
        0.47333333333333333,
        0.22,
        0.23920265780730898,
        0.43521594684385384,
        0.42,
        0.2809364548494983,
        0.02,
        0.06040268456375839,
        0.08361204013377926,
        0.13758389261744966,
        0.19333333333333333,
        0.04666666666666667,
        -0.09333333333333334,
        -0.07357859531772576,
        -0.07692307692307693,
        0.09666666666666666,
        -0.17940199335548174,
        0.10333333333333333,
        0.06333333333333334,
        0.05,
        0.16333333333333333,
        0.05016722408026756,
        0.1705685618729097,
        0.05,
        0.06333333333333334,
        0.10631229235880399,
        0.5016611295681063
    ],
    "median": [
        0.0,
        0.0,
        0.0,
        0.0,
        0.0,
        0.0,
        0.0,
        0.0,
        0.0,
        0.0,
        0.0,
        0.0,
        0.0,
        0.0,
        0.0,
        0.0,
        0.0,
        0.0,
        0.0,
        0.0,
        0.0,
        0.0,
        0.0,
        0.0,
        0.0,
        0.0,
        0.0,
        0.0,
        0.0,
        0.0,
        0.0,
        0.0,
        0.0,
        0.0,
        0.0,
        0.0,
        0.0,
        0.0,
        0.0,
        0.0,
        0.0,
        0.0,
        0.0,
        0.0,
        0.0,
        0.0,
        0.0,
        0.0,
        0.0,
        0.0,
        0.0,
        0.0,
        0.0,
        0.0,
        0.0,
        0.0,
        0.0,
        0.0,
        0.0,
        0.0,
        0.0,
        0.0,
        0.0,
        0.0,
        0.0,
        0.0,
        0.0,
        0.0,
        0.0,
        0.0,
        0.0,
        0.0,
        0.0,
        0.0,
        0.0,
        0.0,
        0.0,
        0.0,
        0.0,
        0.0,
        0.0,
        0.0,
        0.0,
        0.0,
        0.0,
        0.0,
        0.0,
        0.0,
        0.0,
        0.0,
        0.0,
        0.0,
        0.0,
        0.0,
        0.0,
        0.0,
        0.0,
        0.0,
        0.0,
        0.0
    ],