{
    "best": [
        0.0,
        1.0,
        0.0,
        0.0,
        0.0
    ],
    "avg": [
        -1.14,
        -0.78,
        -1.32,
        -0.44,
        -0.4
    ],
    "median": [
        0.0,
        0.0,
        0.0,
        0.0,
        0.0
    ],
    "std": [
        2.473944219257985,
        1.6767826334978544,
        2.701407040784487,
        0.9830564581955606,
        1.0392304845413265
    ]
}