{
    "best": [
        0.0,
        0.0,
        0.0,
        0.0,
        1.0
    ],
    "avg": [
        -0.42,
        -0.2,
        -0.32,
        -0.26,
        -0.2
    ],
    "median": [
        0.0,
        0.0,
        0.0,
        0.0,
        0.0
    ],
    "std": [
        0.9400000000000003,
        0.7211102550927974,
        0.9474175425861612,
        0.8199999999999995,
        0.774596669241483
    ]
}