{
    "best": [
        1.0,
        1.0,
        1.0,
        1.0,
        1.0,
        1.0
    ],
    "avg": [
        -1.06,
        -1.12,
        -1.24,
        -1.44,
        -1.38,
        -1.06
    ],
    "median": [
        0.0,
        0.0,
        0.0,
        0.0,
        0.0,
        0.0
    ],
    "std": [
        2.0631044568804557,
        2.354909764725604,
        2.4703036250631216,
        2.5231726060656254,
        3.0059274775017446,
        2.0919847035769643
    ]
}