{
    "best": [
        1.0,
        1.0,
        1.0,
        1.0,
        1.0,
        1.0
    ],
    "avg": [
        -0.9,
        -1.12,
        -1.64,
        -1.16,
        -1.86,
        -1.06
    ],
    "median": [
        0.0,
        0.0,
        0.0,
        0.0,
        0.0,
        0.0
    ],
    "std": [
        1.91049731745428,
        2.232845717912458,
        3.005062395358872,
        2.3862941981239443,
        3.322709737548557,
        2.0631044568804557
    ]
}