{
    "best": [
        4.0,
        4.0,
        4.0,
        5.0,
        4.0,
        4.0,
        4.0,
        5.0,
        8.0,
        9.0,
        9.0,
        8.0,
        8.0,
        10.0,
        9.0,
        18.0,
        14.0,
        13.0,
        15.0,
        15.0,
        18.0,
        15.0,
        18.0,
        16.0,
        18.0,
        18.0,
        20.0,
        20.0,
        17.0,
        18.0,
        17.0,
        18.0,
        19.0,
        14.0,
        28.0,
        18.0,
        16.0,
        16.0,
        18.0,
        19.0,
        23.0,
        22.0,
        15.0,
        18.0,
        22.0,
        17.0,
        21.0,
        15.0,
        16.0,
        21.0
    ],
    "avg": [
        -0.926,
        -0.606,
        -0.654,
        -0.682,
        -1.048,
        -0.854,
        -0.716,
        -0.6,
        -0.64,
        -0.78,
        -0.7274549098196392,
        -0.786,
        -0.7345309381237525,
        -0.5531062124248497,
        -0.35671342685370744,
        -0.156,
        -0.494,
        -0.6513026052104208,
        -0.106,
        -0.194,
        0.15,
        0.13,
        0.23952095808383234,
        0.2634730538922156,
        0.500998003992016,
        0.3944223107569721,
        0.06613226452905811,
        0.404,
        0.15831663326653306,
        0.24048096192384769,
        0.1402805611222445,
        0.33,
        0.162,
        0.3944223107569721,
        0.32934131736526945,
        0.512,
        0.148,
        0.49498997995991983,
        0.186,
        0.464,
        0.39,
        0.472,
        0.4598393574297189,
        0.811623246492986,
        0.2389558232931727,
        0.6124497991967871,
        0.5711422845691383,
        0.578,
        0.792,
        0.6207584830339321
    ],
    "median": [
        0.0,
        0.0,
        0.0,
        0.0,
        0.0,
        0.0,
        0.0,
        0.0,
        0.0,
        0.0,
        0.0,
        0.0,
        0.0,
        0.0,
        0.0,
        0.0,
        0.0,
        0.0,
        0.0,
        0.0,
        0.0,
        0.0,
        0.0,
        0.0,
        0.0,
        0.0,
        0.0,
        0.0,
        0.0,
        0.0,
        0.0,
        0.0,
        0.0,
        0.0,
        0.0,
        0.0,
        0.0,
        0.0,
        0.0,
        0.0,
        0.0,
        0.0,
        0.0,
        0.0,
        0.0,
        0.0,
        0.0,
        0.0,
        0.0,
        0.0
    ],
    "std": [
        2.221828976316584,
        1.9377213421955248,
        1.9251711612217683,
        2.228200170541235,
        2.641532888305589,
        2.0958730877607987,
        2.1268154597895923,
        2.2969545054266938,
        2.406324998831203,
        2.6980733866965183,
        2.7093447239392052,
        2.963140901138523,
        3.0971278352507774,
        3.031346812513704,
        3.037674266596064,
        3.385212548718327,
        3.7664258920095635,
        3.8621867224632727,
        3.4506179156782926,
        4.026954680648891,
        4.021380360025651,
        4.008129239433273,
        4.0685879803381875,
        4.0454556838991085,
        4.135250706448845,
        3.990502764775084,
        4.124033289352125,
        4.408263150039939,
        4.406338344607485,
        4.52008261681842,
        4.371565152804355,
        4.516314869448319,
        4.551895868756228,
        4.069100447412883,
        4.436434768860329,
        4.439127842268118,
        4.25324534914223,
        4.6944169020230655,
        4.582074202803796,
        4.566038107593941,
        4.6490751768496885,
        4.639958620505137,
        4.498481847247726,
        4.372965907939907,
        4.585327625348411,
        4.6131910592872645,
        4.903114312119495,
        4.756880910849041,
        4.5357178042731,
        4.834990584855529
    ]
}